id,name,age,salary,department,score,,,,,salary
1,Laurene Illidge,28,9226.81,9,1,,,,,$9226.81
2,Valerie Polhill,44,8509.30,6,2,,,,,$8509.30
3,Eb Wombwell,58,6713.31,10,3,,,,,$6713.31
4,Guillemette Nozzolinii,44,2244.62,5,4,,,,,$2244.62
5,Nico Renard,22,4906.55,7,5,,,,,$4906.55
6,Anthiathia Nafzger,19,6837.51,9,6,,,,,$6837.51
7,Mathilde Rudall,31,2591.99,5,7,,,,,$2591.99
8,Benedict Bakes,35,8767.65,2,8,,,,,$8767.65
9,Uta Preshous,65,1983.05,10,9,,,,,$1983.05
10,Ibby Tweedie,52,6427.30,7,10,,,,,$6427.30
11,Denney Durdan,35,8439.39,2,11,,,,,$8439.39
12,Greta Blanc,51,5748.76,9,12,,,,,$5748.76
13,Philipa Constance,28,2284.89,8,13,,,,,$2284.89
14,Aurilia Guise,51,1120.72,10,14,,,,,$1120.72
15,Ainslie Leatherborrow,45,8534.89,7,15,,,,,$8534.89
16,Kirby Jouen,35,2981.19,7,16,,,,,$2981.19
17,Birgitta Mashal,23,7210.25,10,17,,,,,$7210.25
18,Huey Furmedge,24,3446.23,9,18,,,,,$3446.23
19,Sol Boken,59,5856.12,9,19,,,,,$5856.12
20,Grantham Labitt,61,6919.93,6,20,,,,,$6919.93
21,Wheeler Nellies,58,1630.08,10,21,,,,,$1630.08
22,Bo Winspire,45,4402.18,4,22,,,,,$4402.18
23,Cherri Stairmond,62,1695.19,6,23,,,,,$1695.19
24,Milo De Vaar,35,5155.01,4,24,,,,,$5155.01
25,Freddi Walbrook,64,2033.64,4,25,,,,,$2033.64
26,Kial Cromett,57,3600.47,4,26,,,,,$3600.47
27,Bernice Nancekivell,48,7872.23,6,27,,,,,$7872.23
28,Ninetta Sherburn,40,5911.38,2,28,,,,,$5911.38
29,Napoleon Greger,42,3961.77,1,29,,,,,$3961.77
30,Kelcey Rapkins,18,4414.83,2,30,,,,,$4414.83
31,Zerk Playden,65,4448.80,4,31,,,,,$4448.80
32,Bekki McClifferty,26,9433.95,1,32,,,,,$9433.95
33,Dorothee Studde,60,9623.82,3,33,,,,,$9623.82
34,Georgie Mellanby,38,9369.38,3,34,,,,,$9369.38
35,Adella Smale,38,1206.85,2,35,,,,,$1206.85
36,Lydie Von Brook,46,2458.29,6,36,,,,,$2458.29
37,Lissie Scamerdine,35,5758.49,10,37,,,,,$5758.49
38,Corny Lafaye,19,6459.79,4,38,,,,,$6459.79
39,Melita Plaistowe,39,1993.73,4,39,,,,,$1993.73
40,Joey Leifer,33,6524.97,8,40,,,,,$6524.97
41,Juline Triggle,18,9211.27,10,41,,,,,$9211.27
42,Dell MacCurlye,59,6192.51,4,42,,,,,$6192.51
43,Lesya Kenninghan,39,9599.46,4,43,,,,,$9599.46
44,Holly Rosoman,35,5666.08,9,44,,,,,$5666.08
45,Bunny Decourcy,46,5881.41,2,45,,,,,$5881.41
46,Laurice Linstead,26,1456.73,9,46,,,,,$1456.73
47,Rowney De Lasci,33,7073.79,6,47,,,,,$7073.79
48,Shay Whittleton,45,1606.86,10,48,,,,,$1606.86
49,Stefania Simpkiss,27,8838.80,6,49,,,,,$8838.80
50,Aland Hickenbottom,64,6932.47,6,50,,,,,$6932.47
51,Camey Milstead,24,8522.07,9,51,,,,,$8522.07
52,Elbertine Tunbridge,55,3720.88,9,52,,,,,$3720.88
53,Granthem Harkins,36,1159.24,2,53,,,,,$1159.24
54,Darb Leinweber,27,2096.28,10,54,,,,,$2096.28
55,Eddie Tunnadine,53,708.48,9,55,,,,,$708.48
56,Ralina Edgcombe,35,9060.57,7,56,,,,,$9060.57
57,Rory Knivett,35,7815.84,2,57,,,,,$7815.84
58,Rogerio Clue,41,3118.13,7,58,,,,,$3118.13
59,Adelle Child,41,7352.51,6,59,,,,,$7352.51
60,Sibylla Tocqueville,41,6821.81,9,60,,,,,$6821.81
61,Ursuline Peetermann,48,6124.71,4,61,,,,,$6124.71
62,Daniele Baldinotti,32,2677.55,9,62,,,,,$2677.55
63,Ossie Clench,21,9448.45,4,63,,,,,$9448.45
64,Carlin Iacopetti,63,4827.51,9,64,,,,,$4827.51
65,Gale Elliker,44,703.59,3,65,,,,,$703.59
66,Shay Cowey,43,8772.79,1,66,,,,,$8772.79
67,Emmalynn Mulcaster,25,7377.43,9,67,,,,,$7377.43
68,Aloisia Beeden,18,2827.34,2,68,,,,,$2827.34
69,Holt Molyneux,34,9752.89,7,69,,,,,$9752.89
70,Rustie Napolione,59,4685.67,2,70,,,,,$4685.67
71,Prescott Boles,21,1360.91,9,71,,,,,$1360.91
72,Ketti Anker,53,8200.17,9,72,,,,,$8200.17
73,Tommy Dofty,45,6963.55,8,73,,,,,$6963.55
74,Bruno Thame,30,6705.55,1,74,,,,,$6705.55
75,Ruben Gouldthorpe,63,9620.01,10,75,,,,,$9620.01
76,Marleen Mears,64,6069.64,6,76,,,,,$6069.64
77,Kendricks Frackiewicz,28,2361.01,3,77,,,,,$2361.01
78,Dov Dobbson,34,3653.89,10,78,,,,,$3653.89
79,Willis Mistry,33,8503.50,9,79,,,,,$8503.50
80,Jerrilyn Llop,58,4998.40,5,80,,,,,$4998.40
81,Kariotta Thulborn,36,1975.47,10,81,,,,,$1975.47
82,Ronny Twinning,24,3387.86,7,82,,,,,$3387.86
83,Alfredo Daldan,43,4454.47,7,83,,,,,$4454.47
84,Correna Caldeyroux,27,3096.45,6,84,,,,,$3096.45
85,Jolie Torbard,33,4140.16,7,85,,,,,$4140.16
86,Osbert Houseago,43,9171.40,5,86,,,,,$9171.40
87,Miranda Truelove,40,839.68,7,87,,,,,$839.68
88,Roma Begg,34,8156.69,4,88,,,,,$8156.69
89,Bondon Rannie,46,8866.24,7,89,,,,,$8866.24
90,Tiertza Blincowe,33,3594.58,10,90,,,,,$3594.58
91,Channa Syder,44,2104.66,2,91,,,,,$2104.66
92,Lucretia Simmins,63,1222.92,6,92,,,,,$1222.92
93,Munmro Kiellor,28,5313.70,9,93,,,,,$5313.70
94,Kimberli Tellenbrook,60,7087.49,1,94,,,,,$7087.49
95,Winnie Norwood,65,8569.24,7,95,,,,,$8569.24
96,Tracie Libermore,59,6748.98,6,96,,,,,$6748.98
97,Franky Handling,57,7757.64,3,97,,,,,$7757.64
98,Man Fazzioli,30,9518.88,9,98,,,,,$9518.88
99,Reid Kisar,47,7004.16,9,99,,,,,$7004.16
100,Charlena Condy,51,2926.34,9,100,,,,,$2926.34
101,Aline Gniewosz,18,6576.18,4,101,,,,,$6576.18
102,Andras Dakers,45,2103.12,9,102,,,,,$2103.12
103,Chrotoem McKerrow,55,8291.02,8,103,,,,,$8291.02
104,Phedra Vahey,26,1145.99,2,104,,,,,$1145.99
105,Adey Portlock,36,8667.93,9,105,,,,,$8667.93
106,Wye O'Sherin,23,1538.86,1,106,,,,,$1538.86
107,Lynnet Curnnok,32,2658.07,7,107,,,,,$2658.07
108,Diandra Colwill,64,7049.01,4,108,,,,,$7049.01
109,Cole Jacson,58,8092.18,8,109,,,,,$8092.18
110,Nevins Chanson,58,3350.55,1,110,,,,,$3350.55
111,Hildegarde Brailey,57,8237.03,3,111,,,,,$8237.03
112,Barbi Drewitt,45,5701.52,5,112,,,,,$5701.52
113,Simonette Lye,29,7429.33,2,113,,,,,$7429.33
114,Tildy Buchan,39,6082.13,5,114,,,,,$6082.13
115,Calypso Burree,51,9297.74,2,115,,,,,$9297.74
116,Edythe Dahlbom,61,9930.82,8,116,,,,,$9930.82
117,Hyacinth Fasson,23,8696.92,4,117,,,,,$8696.92
118,Babara Czajka,29,2325.40,9,118,,,,,$2325.40
119,Kean Shepherdson,59,4867.10,7,119,,,,,$4867.10
120,Lenore Chasemoore,34,3123.96,9,120,,,,,$3123.96
121,Melania Robshaw,21,7343.67,6,121,,,,,$7343.67
122,Doug Playfair,21,4603.06,4,122,,,,,$4603.06
123,Garner Figures,30,8402.55,5,123,,,,,$8402.55
124,Peterus Bugge,21,2744.50,9,124,,,,,$2744.50
125,Pieter Fenich,23,9693.46,10,125,,,,,$9693.46
126,Phillida Drejer,32,626.79,3,126,,,,,$626.79
127,Minda Flintuff,27,5455.50,1,127,,,,,$5455.50
128,Ivie Cromack,51,8793.71,5,128,,,,,$8793.71
129,Dyanne Tuddall,20,6802.50,7,129,,,,,$6802.50
130,Mano Bassford,65,4826.53,9,130,,,,,$4826.53
131,Alecia Skune,49,9625.52,4,131,,,,,$9625.52
132,Keelby Pleasants,32,9662.22,5,132,,,,,$9662.22
133,Linc Wreford,43,5442.96,8,133,,,,,$5442.96
134,Clarita McKinney,54,3191.24,6,134,,,,,$3191.24
135,Faber Colclough,61,7028.93,9,135,,,,,$7028.93
136,Jobyna Furman,42,3745.45,7,136,,,,,$3745.45
137,Rolfe Domeny,42,1901.93,4,137,,,,,$1901.93
138,Annamaria Botten,32,9926.93,1,138,,,,,$9926.93
139,Luce Cocking,62,1100.81,3,139,,,,,$1100.81
140,Shay Ebbins,35,6845.63,7,140,,,,,$6845.63
141,Cecily Yitzowitz,52,6116.76,5,141,,,,,$6116.76
142,Eva Imort,30,9190.01,6,142,,,,,$9190.01
143,Saunder Sheber,63,7202.91,7,143,,,,,$7202.91
144,Gerry Faccini,20,2904.28,6,144,,,,,$2904.28
145,Farand Ox,52,4182.27,2,145,,,,,$4182.27
146,Katharine Strasse,37,1098.02,3,146,,,,,$1098.02
147,Susann Kinnar,30,2892.25,6,147,,,,,$2892.25
148,Kristyn Morston,47,8012.72,3,148,,,,,$8012.72
149,Jeri FitzGeorge,27,592.23,9,149,,,,,$592.23
150,Isadora Trebilcock,63,9940.88,10,150,,,,,$9940.88
151,Rustie Dunford,36,6992.36,3,151,,,,,$6992.36
152,Celene Baike,64,5310.09,6,152,,,,,$5310.09
153,Kate Leynton,26,9545.11,4,153,,,,,$9545.11
154,Mamie Rouf,35,2636.44,8,154,,,,,$2636.44
155,Beatrix Linger,29,1537.58,8,155,,,,,$1537.58
156,Elisabeth Whittier,24,3953.92,4,156,,,,,$3953.92
157,Wendell O'Cassidy,47,8570.89,3,157,,,,,$8570.89
158,Elka Corro,40,1025.60,6,158,,,,,$1025.60
159,Mariya Rastrick,42,683.45,4,159,,,,,$683.45
160,Farly Gibberd,57,5708.56,3,160,,,,,$5708.56
161,Carolann Eaton,44,677.02,6,161,,,,,$677.02
162,Klarika Colliar,61,4924.78,8,162,,,,,$4924.78
163,Suzanne McClifferty,37,1480.34,5,163,,,,,$1480.34
164,Tabby McGucken,34,685.62,10,164,,,,,$685.62
165,Jorry Furse,18,4791.43,8,165,,,,,$4791.43
166,Martguerita Saywood,62,523.74,9,166,,,,,$523.74
167,Niel Scarff,37,1674.27,6,167,,,,,$1674.27
168,Theodosia Coulthard,29,1562.65,3,168,,,,,$1562.65
169,Latashia Wallach,32,3297.66,3,169,,,,,$3297.66
170,Denny Volcker,33,6733.12,1,170,,,,,$6733.12
171,Kiley Gyenes,25,2089.97,1,171,,,,,$2089.97
172,Tanny Puddephatt,40,1634.61,8,172,,,,,$1634.61
173,Darryl Lockhurst,29,6743.47,3,173,,,,,$6743.47
174,Vita Revan,65,4041.51,8,174,,,,,$4041.51
175,Leeland L'Episcopio,38,6361.94,3,175,,,,,$6361.94
176,Ari Lawler,48,8107.72,9,176,,,,,$8107.72
177,Tabby Hollingsbee,51,3274.53,8,177,,,,,$3274.53
178,Neddie Turban,28,9847.50,10,178,,,,,$9847.50
179,Coretta Normandale,30,8300.10,7,179,,,,,$8300.10
180,Mallorie Eudall,38,4649.08,6,180,,,,,$4649.08
181,Dexter Kobpa,28,9746.52,6,181,,,,,$9746.52
182,Gwenneth Sultana,52,2345.14,5,182,,,,,$2345.14
183,Minette Onele,19,6205.09,3,183,,,,,$6205.09
184,Tessie Tregidga,32,5802.80,2,184,,,,,$5802.80
185,Antoni McKimmie,56,1821.25,10,185,,,,,$1821.25
186,Lester Tranter,48,7818.04,5,186,,,,,$7818.04
187,Hedy Ughini,62,5907.55,2,187,,,,,$5907.55
188,Quintus Purbrick,48,3465.57,4,188,,,,,$3465.57
189,Elle Cliff,55,9106.01,2,189,,,,,$9106.01
190,Lurette Petruszka,38,2521.23,1,190,,,,,$2521.23
191,Alano Szimon,42,1862.86,5,191,,,,,$1862.86
192,Gaultiero Jorg,62,8704.14,9,192,,,,,$8704.14
193,Ondrea Morrill,61,5764.77,6,193,,,,,$5764.77
194,Leonerd Steuhlmeyer,19,7686.88,4,194,,,,,$7686.88
195,Phil Chieco,40,3405.78,9,195,,,,,$3405.78
196,Tiff Spelling,48,5882.73,4,196,,,,,$5882.73
197,Chrissie McComish,34,7640.66,4,197,,,,,$7640.66
198,Pauli Cousins,61,4957.49,8,198,,,,,$4957.49
199,Abigale Penhaleurack,54,8526.44,3,199,,,,,$8526.44
200,Marika Eick,54,3706.77,3,200,,,,,$3706.77
201,Nicky Maxstead,33,2848.64,3,201,,,,,$2848.64
202,Merv Orbell,34,8261.15,10,202,,,,,$8261.15
203,Morly Jozsef,19,4833.16,10,203,,,,,$4833.16
204,Kessia Leggitt,37,6236.75,9,204,,,,,$6236.75
205,Daloris Cheeld,59,3497.55,10,205,,,,,$3497.55
206,Audrey Haworth,28,7139.91,1,206,,,,,$7139.91
207,Arleyne Guess,27,3897.38,7,207,,,,,$3897.38
208,Fidelio Epton,62,7532.96,6,208,,,,,$7532.96
209,Wilek Philp,41,9485.27,9,209,,,,,$9485.27
210,Edeline Glasscott,41,1407.18,7,210,,,,,$1407.18
211,Opalina Kingzeth,24,9113.26,10,211,,,,,$9113.26
212,Abe deKnevet,51,2011.70,7,212,,,,,$2011.70
213,Merill Giacoboni,26,7496.60,3,213,,,,,$7496.60
214,Anthe Friatt,38,2424.27,2,214,,,,,$2424.27
215,Antonino Tegeller,47,6461.52,10,215,,,,,$6461.52
216,Boote Beardwell,58,8229.35,4,216,,,,,$8229.35
217,Eyde Bleasdale,26,5880.91,2,217,,,,,$5880.91
218,Truman Haddon,55,4309.57,1,218,,,,,$4309.57
219,Persis Ryley,58,8740.57,3,219,,,,,$8740.57
220,Opal Blench,26,7202.36,1,220,,,,,$7202.36
221,Adelaide Spehr,22,6659.83,2,221,,,,,$6659.83
222,Geneva Jarvis,35,1749.30,6,222,,,,,$1749.30
223,Barbe Favell,29,568.20,2,223,,,,,$568.20
224,Gil Ratazzi,55,9958.27,8,224,,,,,$9958.27
225,Vida Klimke,23,3013.65,4,225,,,,,$3013.65
226,Brena Grellis,50,3229.00,1,226,,,,,$3229.00
227,Genia Brookwood,65,6256.73,7,227,,,,,$6256.73
228,Lorant Forkan,55,9638.23,2,228,,,,,$9638.23
229,Wayland MacWilliam,34,1950.72,8,229,,,,,$1950.72
230,Mathilde McLanachan,27,4463.37,8,230,,,,,$4463.37
231,Kayley Whife,29,7161.19,3,231,,,,,$7161.19
232,Lettie Skinn,23,1809.71,2,232,,,,,$1809.71
233,Rafe Hurdedge,53,3159.84,9,233,,,,,$3159.84
234,Drake Somerton,30,5272.43,3,234,,,,,$5272.43
235,Roseanna Lagadu,26,2096.28,10,235,,,,,$2096.28
236,Eulalie Cowitz,56,9998.82,3,236,,,,,$9998.82
237,Tana Farnhill,43,7844.40,8,237,,,,,$7844.40
238,Port Lepard,34,1879.75,10,238,,,,,$1879.75
239,Loni Blazy,41,735.47,9,239,,,,,$735.47
240,Mark Aizikov,28,3635.41,1,240,,,,,$3635.41
241,Gordon Codman,61,6106.08,6,241,,,,,$6106.08
242,Wayne O'Sullivan,43,7814.19,9,242,,,,,$7814.19
243,Erasmus Ludford,22,9306.05,1,243,,,,,$9306.05
244,Diann Trotter,58,6511.66,10,244,,,,,$6511.66
245,Ethelin Jessop,30,8023.49,5,245,,,,,$8023.49
246,Peria Sheavills,18,8958.49,1,246,,,,,$8958.49
247,Teresina Corke,34,5855.72,6,247,,,,,$5855.72
248,Erskine Strickett,31,9674.89,2,248,,,,,$9674.89
249,Hatty Redwing,38,6154.65,7,249,,,,,$6154.65
250,Lodovico Burkin,39,9883.02,8,250,,,,,$9883.02
251,Pall Swyndley,51,4811.85,6,251,,,,,$4811.85
252,Lani Grzelczak,53,5607.50,8,252,,,,,$5607.50
253,Nataniel Eadmeads,44,3717.76,5,253,,,,,$3717.76
254,Eileen Denisovo,45,1386.31,1,254,,,,,$1386.31
255,Rhody Tuftin,35,7123.30,5,255,,,,,$7123.30
256,Zaria Madgewick,27,1284.65,4,256,,,,,$1284.65
257,Bambie Reader,36,7559.35,9,257,,,,,$7559.35
258,Griselda Drinan,22,7878.21,4,258,,,,,$7878.21
259,Janeczka Brodeau,20,2356.58,5,259,,,,,$2356.58
260,Ashlin Glencrash,45,5909.24,7,260,,,,,$5909.24
261,Albertine Emmison,48,2001.34,10,261,,,,,$2001.34
262,Cristen Pargiter,37,9964.53,9,262,,,,,$9964.53
263,Xylina Bromont,24,914.52,5,263,,,,,$914.52
264,Dulce Tomaszkiewicz,19,8831.73,5,264,,,,,$8831.73
265,Marlena Mullarkey,51,7642.01,1,265,,,,,$7642.01
266,Miller Semper,48,6926.97,2,266,,,,,$6926.97
267,Zenia Rubi,31,3899.42,10,267,,,,,$3899.42
268,Lucian O'Boyle,44,1975.14,6,268,,,,,$1975.14
269,Mellisent Barenski,26,3907.11,4,269,,,,,$3907.11
270,Pen Breslin,22,1169.86,2,270,,,,,$1169.86
271,Jarvis Lusgdin,28,672.27,4,271,,,,,$672.27
272,Lindie Petken,18,8037.67,10,272,,,,,$8037.67
273,Ermanno McRae,18,884.49,1,273,,,,,$884.49
274,Eustacia Kenwyn,51,4183.53,7,274,,,,,$4183.53
275,Nikolia Lammenga,30,8160.91,7,275,,,,,$8160.91
276,Tabby Lorkings,30,3749.90,4,276,,,,,$3749.90
277,Blakeley Floyde,47,8321.70,2,277,,,,,$8321.70
278,Iris Pilmer,59,9564.38,10,278,,,,,$9564.38
279,Pat Pucknell,64,4913.80,8,279,,,,,$4913.80
280,Towny Spacy,53,8200.96,10,280,,,,,$8200.96
281,Xenia Paver,44,5077.77,10,281,,,,,$5077.77
282,Bethina Lincey,21,6073.99,8,282,,,,,$6073.99
283,Kare Dowglass,18,5874.83,1,283,,,,,$5874.83
284,Silvan Matthius,31,3315.34,7,284,,,,,$3315.34
285,Ody Josefsohn,28,4088.23,1,285,,,,,$4088.23
286,Emylee Halsted,57,3552.91,4,286,,,,,$3552.91
287,Ginni Chiene,39,1196.94,6,287,,,,,$1196.94
288,Esme O'Crigan,50,9156.31,3,288,,,,,$9156.31
289,Persis MacMurray,46,2851.73,7,289,,,,,$2851.73
290,Devy Hartmann,28,9283.51,6,290,,,,,$9283.51
291,Niven Pepperd,53,9799.09,5,291,,,,,$9799.09
292,Agnes Warlowe,19,2706.16,6,292,,,,,$2706.16
293,Tatiania Faulconer,20,4141.17,1,293,,,,,$4141.17
294,Effie Dunklee,19,4615.85,4,294,,,,,$4615.85
295,Fremont Mengo,38,9290.03,4,295,,,,,$9290.03
296,Kassia Cessford,46,6172.51,7,296,,,,,$6172.51
297,Bridie Ambrozik,49,3833.64,4,297,,,,,$3833.64
298,Tam Farryann,56,9382.17,10,298,,,,,$9382.17
299,Price Frotton,64,6601.58,10,299,,,,,$6601.58
300,Imojean Skipping,25,1602.32,10,300,,,,,$1602.32
301,Gray Selman,35,3083.30,3,301,,,,,$3083.30
302,Bobbie Innett,64,9863.23,8,302,,,,,$9863.23
303,Windy Lennard,27,4377.59,7,303,,,,,$4377.59
304,Sauveur Hynam,54,8727.49,6,304,,,,,$8727.49
305,Mozes Matskevich,62,9718.33,2,305,,,,,$9718.33
306,Maire O'Rodane,35,4079.66,5,306,,,,,$4079.66
307,Gwenneth Sadd,19,5623.04,10,307,,,,,$5623.04
308,Efrem Jurewicz,46,5098.85,6,308,,,,,$5098.85
309,Felicio Eck,59,4068.11,9,309,,,,,$4068.11
310,Aurie Coupar,42,4153.92,3,310,,,,,$4153.92
311,Hana Agostini,45,2619.45,7,311,,,,,$2619.45
312,Kamillah Boner,35,8247.82,5,312,,,,,$8247.82
313,Gaven Clancy,61,6113.76,2,313,,,,,$6113.76
314,Ara Radclyffe,25,2155.70,9,314,,,,,$2155.70
315,Daren Butt Gow,24,1946.90,10,315,,,,,$1946.90
316,Hersch Chart,61,5397.70,4,316,,,,,$5397.70
317,Kim Coonihan,42,7856.82,6,317,,,,,$7856.82
318,Felecia Inkster,59,6224.99,5,318,,,,,$6224.99
319,Hamil Castellucci,55,2550.20,3,319,,,,,$2550.20
320,Jordanna Garralts,41,2331.25,3,320,,,,,$2331.25
321,Rickie Grellier,43,549.43,8,321,,,,,$549.43
322,Lia Filasov,27,2541.94,10,322,,,,,$2541.94
323,Cahra O'Teague,22,5368.55,6,323,,,,,$5368.55
324,Bamby Jobson,32,9145.78,8,324,,,,,$9145.78
325,Cara Jayes,20,3770.78,8,325,,,,,$3770.78
326,Lynnea Rickerd,50,4160.07,1,326,,,,,$4160.07
327,Nonie Gerant,36,8832.31,6,327,,,,,$8832.31
328,Berkeley Kinastan,22,6586.37,6,328,,,,,$6586.37
329,Constantine Gillatt,28,4625.44,8,329,,,,,$4625.44
330,Shara Matheson,41,6286.20,2,330,,,,,$6286.20
331,Sargent Claus,46,9021.05,6,331,,,,,$9021.05
332,Dehlia Ochterlony,55,6270.35,2,332,,,,,$6270.35
333,Harlan Riquet,40,3848.85,1,333,,,,,$3848.85
334,Deeanne Macguire,36,9658.85,1,334,,,,,$9658.85
335,Maryanne Labdon,48,6330.44,3,335,,,,,$6330.44
336,Ainsley Spinke,20,4580.11,5,336,,,,,$4580.11
337,Joanna Cescotti,47,1934.12,2,337,,,,,$1934.12
338,Tandi Marian,40,4484.26,8,338,,,,,$4484.26
339,Corette Iori,44,6795.09,8,339,,,,,$6795.09
340,Lucias Newart,47,2001.70,4,340,,,,,$2001.70
341,Shannah Sciacovelli,38,4592.24,4,341,,,,,$4592.24
342,Cherry Huxton,51,7752.20,1,342,,,,,$7752.20
343,Jasper Cogan,49,6186.37,6,343,,,,,$6186.37
344,Vernon Pierri,26,3356.08,6,344,,,,,$3356.08
345,Phineas Sailor,22,8852.76,7,345,,,,,$8852.76
346,Fredelia Chamberlaine,27,4517.56,10,346,,,,,$4517.56
347,Lilly Godber,23,6312.48,2,347,,,,,$6312.48
348,Madelena Ruske,55,5287.17,5,348,,,,,$5287.17
349,Bertram Badwick,18,5999.83,10,349,,,,,$5999.83
350,Malorie Ornells,51,2146.43,9,350,,,,,$2146.43
351,Leodora Ebbotts,45,6500.05,2,351,,,,,$6500.05
352,Terencio Gorhardt,26,9602.08,4,352,,,,,$9602.08
353,Winona Hearons,37,3434.71,5,353,,,,,$3434.71
354,Wilow MacCorkell,35,6978.32,8,354,,,,,$6978.32
355,Clo Ropars,25,8711.53,2,355,,,,,$8711.53
356,Helene Osan,53,9304.98,5,356,,,,,$9304.98
357,Leonard Sorrill,24,4020.21,8,357,,,,,$4020.21
358,Dore Gouch,40,5603.57,8,358,,,,,$5603.57
359,Kendell Longmaid,27,3999.97,3,359,,,,,$3999.97
360,Dehlia Bencher,59,3872.90,2,360,,,,,$3872.90
361,Thane Sute,35,7697.06,9,361,,,,,$7697.06
362,Cammie Minucci,62,7904.33,8,362,,,,,$7904.33
363,Claiborne Alexis,43,1519.03,1,363,,,,,$1519.03
364,Myra Strongman,48,1180.90,6,364,,,,,$1180.90
365,Reed Dreschler,56,2636.94,3,365,,,,,$2636.94
366,Ingram Lewerenz,35,2707.74,3,366,,,,,$2707.74
367,Greta Carloni,33,8656.29,7,367,,,,,$8656.29
368,Padget Kochel,28,3680.14,2,368,,,,,$3680.14
369,Grethel Lazer,18,7908.77,7,369,,,,,$7908.77
370,Rene Smylie,44,9893.44,2,370,,,,,$9893.44
371,Althea Lepope,21,7108.36,1,371,,,,,$7108.36
372,Jordon Baldassi,36,3554.25,1,372,,,,,$3554.25
373,Alistair Garcia,54,6492.12,4,373,,,,,$6492.12
374,Sonny Radish,43,4294.47,10,374,,,,,$4294.47
375,Aymer Caraher,38,7579.45,6,375,,,,,$7579.45
376,Herb Domico,64,2335.48,4,376,,,,,$2335.48
377,Keeley Ozanne,38,9447.26,1,377,,,,,$9447.26
378,Gradey Harwell,55,2679.95,7,378,,,,,$2679.95
379,Frasier Kemmons,30,6250.61,8,379,,,,,$6250.61
380,Bethena Cullotey,35,6886.52,3,380,,,,,$6886.52
381,Fanya Tolhurst,24,5365.24,6,381,,,,,$5365.24
382,Tiffie Stanlick,50,4317.47,9,382,,,,,$4317.47
383,Susana Gumary,31,4779.43,5,383,,,,,$4779.43
384,Clem Dailey,31,3303.08,2,384,,,,,$3303.08
385,Keir Blankenship,63,3167.02,3,385,,,,,$3167.02
386,Win Welds,32,7864.81,2,386,,,,,$7864.81
387,Normy Dall,42,7778.91,9,387,,,,,$7778.91
388,Garrek Betho,58,7255.03,8,388,,,,,$7255.03
389,Elise Newsham,36,4845.97,3,389,,,,,$4845.97
390,Beverlee Slatten,29,5116.78,7,390,,,,,$5116.78
391,Alexandrina Donahue,38,4169.48,6,391,,,,,$4169.48
392,Armando Koppen,64,2217.57,8,392,,,,,$2217.57
393,Cherilyn Goodband,31,5954.12,9,393,,,,,$5954.12
394,Serene Ormes,32,5429.94,10,394,,,,,$5429.94
395,Lynett Benedick,37,7710.79,4,395,,,,,$7710.79
396,Cele Burtt,30,8675.73,10,396,,,,,$8675.73
397,Dierdre Jockle,41,7557.06,5,397,,,,,$7557.06
398,Clea MacDearmid,19,4787.25,6,398,,,,,$4787.25
399,Wendel Hamnett,33,2053.81,1,399,,,,,$2053.81
400,Zabrina McLenaghan,23,7086.26,1,400,,,,,$7086.26
401,Ophelia Griffithe,19,644.52,9,401,,,,,$644.52
402,Bette-ann Smith,59,3431.92,10,402,,,,,$3431.92
403,Cynthie Dawks,42,2312.93,2,403,,,,,$2312.93
404,Rodrigo Churches,24,6381.88,6,404,,,,,$6381.88
405,Salvador Esh,55,8337.74,2,405,,,,,$8337.74
406,Finley Moors,51,4254.67,3,406,,,,,$4254.67
407,Ripley McKendo,26,1625.88,10,407,,,,,$1625.88
408,Mikaela Hamon,45,4706.28,1,408,,,,,$4706.28
409,Ardelle Baulk,33,6847.94,6,409,,,,,$6847.94
410,Lucita Venour,61,3865.81,5,410,,,,,$3865.81
411,Roma Skelcher,37,9487.85,7,411,,,,,$9487.85
412,Claybourne Pinckard,45,6961.04,1,412,,,,,$6961.04
413,Joe Deverall,38,4538.31,5,413,,,,,$4538.31
414,Broddie Arnauduc,44,1886.65,10,414,,,,,$1886.65
415,Gratia Kuhl,26,7025.13,5,415,,,,,$7025.13
416,Jeff MacKean,53,2026.20,3,416,,,,,$2026.20
417,Dare Dowle,64,4006.05,4,417,,,,,$4006.05
418,Germain Stanlake,60,6608.18,10,418,,,,,$6608.18
419,Starr Stonbridge,24,2058.90,10,419,,,,,$2058.90
420,Devlin Scothern,19,1143.78,10,420,,,,,$1143.78
421,Gill McIlenna,25,2215.27,8,421,,,,,$2215.27
422,Germain Simonian,18,6650.61,2,422,,,,,$6650.61
423,Calli Pullan,36,3375.49,5,423,,,,,$3375.49
424,Faunie Kettow,36,8171.02,3,424,,,,,$8171.02
425,Kylie Tivolier,60,8781.73,9,425,,,,,$8781.73
426,Yuma Bygott,65,3751.79,9,426,,,,,$3751.79
427,Claudetta Sharpous,53,6504.72,3,427,,,,,$6504.72
428,Norrie Cathenod,57,6856.41,7,428,,,,,$6856.41
429,Filippa Teasdale,34,8031.25,7,429,,,,,$8031.25
430,Aretha Ree,24,8412.96,1,430,,,,,$8412.96
431,Grier Eliaz,49,8989.97,2,431,,,,,$8989.97
432,Robbyn Bartolini,20,3524.60,9,432,,,,,$3524.60
433,Pace Dmytryk,48,3572.91,5,433,,,,,$3572.91
434,Marcille Wofenden,59,4899.75,5,434,,,,,$4899.75
435,Brandyn Lowseley,51,2493.53,9,435,,,,,$2493.53
436,Culley Furmenger,43,6833.36,2,436,,,,,$6833.36
437,Lennie Byfield,45,3139.28,10,437,,,,,$3139.28
438,Vincents Bricksey,45,941.54,6,438,,,,,$941.54
439,Martie Pedlow,20,8584.06,10,439,,,,,$8584.06
440,Tobi Dibb,22,8550.77,4,440,,,,,$8550.77
441,Ursola Carberry,43,6865.66,8,441,,,,,$6865.66
442,Ara Tuminini,52,1698.44,5,442,,,,,$1698.44
443,Suellen Rotherforth,27,8991.72,8,443,,,,,$8991.72
444,Arley Pechacek,62,3202.10,2,444,,,,,$3202.10
445,Chester Lumly,33,2040.63,4,445,,,,,$2040.63
446,Thekla Kinkaid,39,5624.46,8,446,,,,,$5624.46
447,Baillie Endean,61,2102.69,3,447,,,,,$2102.69
448,Toinette Miskelly,35,8686.30,8,448,,,,,$8686.30
449,Lissa Boldry,32,8349.56,10,449,,,,,$8349.56
450,Dagny Le Estut,32,7707.37,1,450,,,,,$7707.37
451,Randal Charlet,37,2523.07,1,451,,,,,$2523.07
452,Gleda McGrorty,64,5484.09,5,452,,,,,$5484.09
453,Kerry Montrose,41,7689.50,9,453,,,,,$7689.50
454,Juditha Methringham,53,5729.61,8,454,,,,,$5729.61
455,Gareth Meindl,21,7813.99,1,455,,,,,$7813.99
456,Lalo Pontefract,50,7221.40,4,456,,,,,$7221.40
457,Bret Woffinden,30,7263.65,8,457,,,,,$7263.65
458,Oberon Castellani,62,7408.81,10,458,,,,,$7408.81
459,Chancey Passe,21,5139.93,3,459,,,,,$5139.93
460,Trix Coppard,40,9687.95,8,460,,,,,$9687.95
461,Rosaleen Bernardes,64,2316.19,5,461,,,,,$2316.19
462,Bancroft Vasnetsov,56,1742.43,4,462,,,,,$1742.43
463,Essy Ibbeson,56,8355.22,3,463,,,,,$8355.22
464,Olva Ridulfo,52,9536.95,5,464,,,,,$9536.95
465,Ebeneser Caush,18,1003.23,3,465,,,,,$1003.23
466,Dannie Rainbow,39,8654.46,9,466,,,,,$8654.46
467,Shelli Perkis,54,1676.54,6,467,,,,,$1676.54
468,Lyda Biernat,39,4777.33,3,468,,,,,$4777.33
469,Courtnay Stelfox,60,4167.66,5,469,,,,,$4167.66
470,Freeland Burk,64,4655.02,8,470,,,,,$4655.02
471,Valeda Bassford,65,6473.06,8,471,,,,,$6473.06
472,Ceciley Kenyon,58,2702.68,6,472,,,,,$2702.68
473,Benjy Axtonne,41,2941.08,10,473,,,,,$2941.08
474,Quinn Wadge,20,8292.71,1,474,,,,,$8292.71
475,Mitchel Stockoe,32,2337.78,9,475,,,,,$2337.78
476,Rheta Burk,48,6322.57,9,476,,,,,$6322.57
477,Carmela Nassey,56,8605.30,8,477,,,,,$8605.30
478,Ogden Quiddinton,19,9341.59,3,478,,,,,$9341.59
479,Cayla Langhorn,40,4295.22,1,479,,,,,$4295.22
480,Marco Markl,23,2039.07,10,480,,,,,$2039.07
481,Wendel Armsby,45,7466.15,10,481,,,,,$7466.15
482,Quinton Statefield,22,9400.16,9,482,,,,,$9400.16
483,Rachele Duran,64,7392.24,7,483,,,,,$7392.24
484,Minnie Fanstone,36,6669.20,3,484,,,,,$6669.20
485,Marrilee Jirusek,19,4478.68,9,485,,,,,$4478.68
486,Fayette Boole,39,3906.08,9,486,,,,,$3906.08
487,Jessa Brigge,22,1202.78,4,487,,,,,$1202.78
488,Gerladina Pummery,61,1886.56,9,488,,,,,$1886.56
489,Todd Dowdeswell,58,5547.00,6,489,,,,,$5547.00
490,Anton Grills,63,5207.63,10,490,,,,,$5207.63
491,Hyacinthia Joanaud,41,3599.03,5,491,,,,,$3599.03
492,Ramsey Lattka,29,5855.72,2,492,,,,,$5855.72
493,Eliza Hulme,29,5863.02,8,493,,,,,$5863.02
494,Janine Drydale,50,6853.21,5,494,,,,,$6853.21
495,Teddie Voase,56,941.41,1,495,,,,,$941.41
496,Gothart McCard,60,4503.00,4,496,,,,,$4503.00
497,Alvina Pottberry,23,5766.96,7,497,,,,,$5766.96
498,Novelia Hawkes,21,4444.32,1,498,,,,,$4444.32
499,Yale Fruen,40,538.18,4,499,,,,,$538.18
500,Twyla Bole,63,4360.21,2,500,,,,,$4360.21
501,Beatriz Haydn,29,2616.36,9,501,,,,,$2616.36
502,Arly Rowen,43,1872.69,10,502,,,,,$1872.69
503,Wilie Glowacz,53,9148.01,2,503,,,,,$9148.01
504,Fanechka Mouser,36,5186.21,10,504,,,,,$5186.21
505,Bertine Croan,21,5654.36,4,505,,,,,$5654.36
506,Lorianne McFee,31,1345.85,1,506,,,,,$1345.85
507,De Cinavas,62,685.48,5,507,,,,,$685.48
508,Colet Halfpenny,47,5215.72,5,508,,,,,$5215.72
509,Alfredo Bessell,33,5547.02,9,509,,,,,$5547.02
510,Jessika Caulwell,34,1889.74,10,510,,,,,$1889.74
511,Adan Lahive,61,852.35,10,511,,,,,$852.35
512,Dwight Jaszczak,53,7248.11,7,512,,,,,$7248.11
513,Arnuad Carloni,50,2780.24,4,513,,,,,$2780.24
514,Selena Scurr,41,8180.44,4,514,,,,,$8180.44
515,Donelle Quarterman,62,1549.87,6,515,,,,,$1549.87
516,Winn Guard,60,9889.72,5,516,,,,,$9889.72
517,Johnette Duggary,58,4156.48,5,517,,,,,$4156.48
518,Joice Davis,18,4719.05,6,518,,,,,$4719.05
519,Judah Beniesh,44,9561.95,1,519,,,,,$9561.95
520,Gabriele Hallihane,18,4946.63,4,520,,,,,$4946.63
521,Brita Sprankling,20,8077.23,1,521,,,,,$8077.23
522,Ode Snalham,28,8499.68,2,522,,,,,$8499.68
523,Fran Posnett,44,3781.95,5,523,,,,,$3781.95
524,Henryetta Bernardot,21,7478.60,7,524,,,,,$7478.60
525,Catlee Doidge,20,2829.91,6,525,,,,,$2829.91
526,Gisella Feltham,62,3952.27,3,526,,,,,$3952.27
527,Read Vassano,52,8695.49,2,527,,,,,$8695.49
528,Mal Duffell,65,7559.96,1,528,,,,,$7559.96
529,Vittoria Halegarth,30,7391.77,7,529,,,,,$7391.77
530,Gray Crepin,35,9712.57,8,530,,,,,$9712.57
531,Jon Denyakin,35,9645.52,2,531,,,,,$9645.52
532,Patric Rudall,58,775.24,1,532,,,,,$775.24
533,Darlleen Henryson,61,5754.14,10,533,,,,,$5754.14
534,Carmen Mannagh,28,926.91,6,534,,,,,$926.91
535,Vincents Gozzett,63,7712.73,9,535,,,,,$7712.73
536,Joelly Render,41,9759.75,1,536,,,,,$9759.75
537,Mariam Cullingworth,20,2627.05,7,537,,,,,$2627.05
538,Lavina Bierling,28,9903.03,5,538,,,,,$9903.03
539,Brenn Wixey,19,9700.73,1,539,,,,,$9700.73
540,Wandis Sandom,21,7696.39,9,540,,,,,$7696.39
541,Serene Itzkovici,29,7412.87,3,541,,,,,$7412.87
542,Orton Boustred,25,7182.39,1,542,,,,,$7182.39
543,Sharity Prazer,54,9816.07,8,543,,,,,$9816.07
544,Theodor Fremantle,46,6913.76,4,544,,,,,$6913.76
545,Marla Philp,27,2713.41,4,545,,,,,$2713.41
546,Selina Ivantsov,60,8514.04,6,546,,,,,$8514.04
547,Dalia Kensett,48,6135.25,2,547,,,,,$6135.25
548,Sada Polglase,64,4886.35,10,548,,,,,$4886.35
549,Teodora Feltham,57,1731.17,6,549,,,,,$1731.17
550,Gael Newe,21,9784.52,1,550,,,,,$9784.52
551,Tana Haspineall,35,9026.12,5,551,,,,,$9026.12
552,Taryn Canizares,32,9690.03,4,552,,,,,$9690.03
553,Winna Whicher,33,5371.63,2,553,,,,,$5371.63
554,Jannelle Letrange,47,882.36,8,554,,,,,$882.36
555,Chloe Prati,61,9905.28,6,555,,,,,$9905.28
556,Erin McGeechan,56,8911.55,7,556,,,,,$8911.55
557,Sherline Witul,56,9188.55,9,557,,,,,$9188.55
558,Vevay Esley,34,8034.05,9,558,,,,,$8034.05
559,Reggis McCrossan,38,6304.59,2,559,,,,,$6304.59
560,Zonnya Speddin,21,2141.51,2,560,,,,,$2141.51
561,Gasparo Hudel,25,5225.95,3,561,,,,,$5225.95
562,Ly Getten,19,2920.15,1,562,,,,,$2920.15
563,Dasie Espinay,45,5213.30,3,563,,,,,$5213.30
564,Prudy Desbrow,38,2892.29,7,564,,,,,$2892.29
565,Randie Yedall,49,6958.10,8,565,,,,,$6958.10
566,Erich McSorley,57,9452.60,7,566,,,,,$9452.60
567,Shannon Hurdiss,27,847.23,9,567,,,,,$847.23
568,Marika Bengefield,45,9120.86,6,568,,,,,$9120.86
569,Sydelle Le Barr,43,1902.30,4,569,,,,,$1902.30
570,Alfie Rushmer,44,6227.81,8,570,,,,,$6227.81
571,Elfrida Kelsell,47,3848.82,1,571,,,,,$3848.82
572,Zach Chazette,23,3181.82,2,572,,,,,$3181.82
573,Issy De Minico,54,1117.22,7,573,,,,,$1117.22
574,Mahmud Absolon,52,3201.04,9,574,,,,,$3201.04
575,Stevana Vest,19,8192.37,7,575,,,,,$8192.37
576,Arvie Melding,64,6165.42,9,576,,,,,$6165.42
577,Marcile Kynder,18,5334.60,4,577,,,,,$5334.60
578,Maude Desport,54,5103.95,2,578,,,,,$5103.95
579,Andrei Stoke,64,6898.99,10,579,,,,,$6898.99
580,Lucio Campes,48,4925.80,1,580,,,,,$4925.80
581,Sergei Hemerijk,27,1271.34,7,581,,,,,$1271.34
582,Dorrie Faragher,42,3023.13,6,582,,,,,$3023.13
583,Elvina Laughnan,26,4633.77,1,583,,,,,$4633.77
584,Lorant McIsaac,34,944.96,1,584,,,,,$944.96
585,Armin Cadreman,27,5093.61,5,585,,,,,$5093.61
586,Carissa Barraclough,28,1937.26,2,586,,,,,$1937.26
587,Cassi Mitchenson,44,2364.29,5,587,,,,,$2364.29
588,Tanney Wootton,58,4372.92,4,588,,,,,$4372.92
589,Burnaby Louca,52,7066.60,5,589,,,,,$7066.60
590,Bernadina Maciejewski,50,5188.07,4,590,,,,,$5188.07
591,Bernita Pamment,27,8183.20,4,591,,,,,$8183.20
592,Kelci Wabersinke,20,7602.56,3,592,,,,,$7602.56
593,Silas Peckham,29,1426.96,9,593,,,,,$1426.96
594,Charis Roj,41,3821.18,3,594,,,,,$3821.18
595,Marie-ann Bellie,65,8923.81,5,595,,,,,$8923.81
596,Ric Dallinder,62,7816.93,1,596,,,,,$7816.93
597,Ellene Key,62,1347.45,7,597,,,,,$1347.45
598,Jaime Redihalgh,58,2587.31,7,598,,,,,$2587.31
599,Bridget Pirozzi,45,7820.22,9,599,,,,,$7820.22
600,Maegan Giabuzzi,36,4427.19,5,600,,,,,$4427.19
601,Carny Cruft,30,4015.47,2,601,,,,,$4015.47
602,Gaylene Leahey,33,8117.48,10,602,,,,,$8117.48
603,Jocelyn Shreve,57,5127.14,4,603,,,,,$5127.14
604,Odie Cleobury,22,2313.85,1,604,,,,,$2313.85
605,Darya Keeling,33,4375.62,5,605,,,,,$4375.62
606,Brady Brazil,25,4414.73,3,606,,,,,$4414.73
607,Lurleen Germain,58,1002.38,3,607,,,,,$1002.38
608,Pall Haisell,33,6409.44,1,608,,,,,$6409.44
609,Evvy Kirkup,22,8786.42,7,609,,,,,$8786.42
610,Heida Dewan,24,2502.04,3,610,,,,,$2502.04
611,Simmonds Durran,46,813.17,5,611,,,,,$813.17
612,Arleen Ryton,40,6731.84,6,612,,,,,$6731.84
613,Stinky Bilston,34,7841.42,5,613,,,,,$7841.42
614,Teodoor Scutchin,35,5876.70,7,614,,,,,$5876.70
615,Gabriellia Wilman,31,8320.16,10,615,,,,,$8320.16
616,Florance Wistance,35,9721.67,7,616,,,,,$9721.67
617,Matty Seiller,52,1314.27,1,617,,,,,$1314.27
618,Neysa Buttler,31,7530.79,1,618,,,,,$7530.79
619,Wilie Mewett,37,7548.20,8,619,,,,,$7548.20
620,Di Strafford,28,1082.21,8,620,,,,,$1082.21
621,Hermia Littlefield,25,2909.06,2,621,,,,,$2909.06
622,Norma Millott,59,1473.72,10,622,,,,,$1473.72
623,Donelle Tytterton,27,4379.46,6,623,,,,,$4379.46
624,Gun Sore,25,5500.84,8,624,,,,,$5500.84
625,Danica Bryce,38,4741.32,7,625,,,,,$4741.32
626,Mellicent Corney,19,5342.63,10,626,,,,,$5342.63
627,Loydie Schurig,63,8890.84,6,627,,,,,$8890.84
628,Rees Coytes,55,9630.94,7,628,,,,,$9630.94
629,Job Neasham,34,1516.60,9,629,,,,,$1516.60
630,Tine Brehaut,24,4272.75,10,630,,,,,$4272.75
631,Gabriela Weatherhill,62,6062.46,3,631,,,,,$6062.46
632,Patrice Lewisham,31,4383.50,8,632,,,,,$4383.50
633,Caprice Delooze,65,8472.08,4,633,,,,,$8472.08
634,Pamella Cartmael,26,9430.84,4,634,,,,,$9430.84
635,Conni Traske,48,1918.81,6,635,,,,,$1918.81
636,Shelby Flanders,60,1971.47,9,636,,,,,$1971.47
637,Isidro Arent,62,9994.99,7,637,,,,,$9994.99
638,Flor Chiese,59,7866.43,8,638,,,,,$7866.43
639,Cesya Hehnke,52,6889.75,6,639,,,,,$6889.75
640,Cherey Barenski,45,4930.68,3,640,,,,,$4930.68
641,Camala Press,56,7428.48,9,641,,,,,$7428.48
642,Lyndell Notman,28,8113.13,1,642,,,,,$8113.13
643,Edita Bassil,50,2965.91,6,643,,,,,$2965.91
644,Leonie Whales,64,4119.24,2,644,,,,,$4119.24
645,Olivette McCrostie,60,2635.78,7,645,,,,,$2635.78
646,Peyter Jerman,43,8159.51,6,646,,,,,$8159.51
647,Karlyn Fulop,23,8461.82,10,647,,,,,$8461.82
648,Wendeline Gillino,47,9413.00,2,648,,,,,$9413.00
649,Davon Marzelli,60,3329.77,1,649,,,,,$3329.77
650,Roth Kaesmakers,32,7530.95,3,650,,,,,$7530.95
651,Sonnnie Cicchetto,18,6661.94,2,651,,,,,$6661.94
652,Glynn Ibbott,20,4901.48,8,652,,,,,$4901.48
653,Enrico Faas,56,9013.31,4,653,,,,,$9013.31
654,Alister Birdseye,62,2605.06,8,654,,,,,$2605.06
655,Otha Sworne,41,4478.68,3,655,,,,,$4478.68
656,Tallie Gowlett,23,6819.48,1,656,,,,,$6819.48
657,Sarina Sainz,58,8282.88,7,657,,,,,$8282.88
658,Dodi Oxterby,54,8195.10,1,658,,,,,$8195.10
659,Job Cowlas,34,6853.73,4,659,,,,,$6853.73
660,Caldwell Nation,61,2215.75,3,660,,,,,$2215.75
661,Hardy Banck,34,5883.29,2,661,,,,,$5883.29
662,Flossi Armatage,22,6329.86,4,662,,,,,$6329.86
663,Dorothee Stebbin,26,6226.48,4,663,,,,,$6226.48
664,Legra Maggiori,45,3330.16,2,664,,,,,$3330.16
665,Lilllie Stempe,35,6524.70,10,665,,,,,$6524.70
666,Tara Gossage,18,5314.82,2,666,,,,,$5314.82
667,Fidela Nern,29,768.35,4,667,,,,,$768.35
668,Ganny Camm,62,3777.71,9,668,,,,,$3777.71
669,Bendick Trelevan,45,2153.01,7,669,,,,,$2153.01
670,Carlye Merigon,48,8829.96,7,670,,,,,$8829.96
671,Fallon Simes,58,3938.74,4,671,,,,,$3938.74
672,Austina Goodsir,63,4535.01,2,672,,,,,$4535.01
673,Dusty Scroyton,40,520.71,5,673,,,,,$520.71
674,Jeromy Overton,59,5577.61,5,674,,,,,$5577.61
675,Lexie Drew,65,6600.90,5,675,,,,,$6600.90
676,Farly Birtonshaw,27,3757.50,1,676,,,,,$3757.50
677,Courtney Darree,23,9741.55,1,677,,,,,$9741.55
678,Ronald Planque,38,9387.28,8,678,,,,,$9387.28
679,Hermann Hayller,19,6865.00,5,679,,,,,$6865.00
680,Gilbertine Matyja,35,5074.70,6,680,,,,,$5074.70
681,Sissy Sotheby,44,1307.53,10,681,,,,,$1307.53
682,Alethea Gibling,38,8880.06,10,682,,,,,$8880.06
683,Angele Wontner,63,5244.85,3,683,,,,,$5244.85
684,Jackie Gerty,40,1000.38,5,684,,,,,$1000.38
685,Olivie Harriskine,40,6312.52,10,685,,,,,$6312.52
686,Felic Mulloch,30,983.71,7,686,,,,,$983.71
687,Stephenie Vero,30,9015.70,5,687,,,,,$9015.70
688,Karissa Bleakley,26,5881.01,5,688,,,,,$5881.01
689,Clemmie Berridge,35,8251.88,10,689,,,,,$8251.88
690,Allyce Burgoin,31,8275.90,4,690,,,,,$8275.90
691,Ronny Toovey,32,1879.61,6,691,,,,,$1879.61
692,Cordie Hanscomb,37,2242.43,1,692,,,,,$2242.43
693,Bartram Littledyke,36,5507.27,4,693,,,,,$5507.27
694,Ninon Fieldhouse,56,8311.07,5,694,,,,,$8311.07
695,Eyde Birtchnell,28,1574.52,2,695,,,,,$1574.52
696,Noemi Parnell,28,3561.73,6,696,,,,,$3561.73
697,Dave Shaul,34,7299.94,10,697,,,,,$7299.94
698,Jolyn Hallahan,28,3817.63,9,698,,,,,$3817.63
699,Joellen Hudleston,54,1635.01,1,699,,,,,$1635.01
700,Tabatha Culbert,20,7626.18,2,700,,,,,$7626.18
701,Hattie Hutchason,31,5566.10,7,701,,,,,$5566.10
702,Briano Pink,29,8688.64,7,702,,,,,$8688.64
703,Jeannette Cowterd,49,8296.52,9,703,,,,,$8296.52
704,Trever Swannack,59,1945.24,10,704,,,,,$1945.24
705,Yolanda Hollingdale,45,884.73,8,705,,,,,$884.73
706,Damara Solesbury,54,9285.54,1,706,,,,,$9285.54
707,Morry Disley,61,1034.27,6,707,,,,,$1034.27
708,Crissy Giffaut,40,8830.29,6,708,,,,,$8830.29
709,Lindie Norquay,40,5399.06,6,709,,,,,$5399.06
710,Boothe Dare,46,6548.47,4,710,,,,,$6548.47
711,Tiertza Foulks,55,2962.32,1,711,,,,,$2962.32
712,Nissa Taillard,48,9794.47,7,712,,,,,$9794.47
713,Ericka Denial,54,2700.18,1,713,,,,,$2700.18
714,York Ginnelly,24,9634.11,2,714,,,,,$9634.11
715,Amy Cawkill,35,3754.53,10,715,,,,,$3754.53
716,Gayler Dyhouse,46,5619.26,5,716,,,,,$5619.26
717,Gretal Cowpland,28,2813.82,5,717,,,,,$2813.82
718,Zebedee Ander,19,2326.78,2,718,,,,,$2326.78
719,Marchelle Clears,59,5393.76,3,719,,,,,$5393.76
720,Eadith Iannelli,33,2912.32,2,720,,,,,$2912.32
721,Link Lashmar,20,2671.27,7,721,,,,,$2671.27
722,Porty Presnall,52,3985.99,10,722,,,,,$3985.99
723,Shayla Ariss,46,5855.30,6,723,,,,,$5855.30
724,Jordan Falla,33,1659.21,6,724,,,,,$1659.21
725,Kellina Scotson,65,7503.55,10,725,,,,,$7503.55
726,Olly Sugar,18,7022.26,9,726,,,,,$7022.26
727,Cris Henrot,36,7049.93,2,727,,,,,$7049.93
728,Derwin Mathonnet,30,6844.00,2,728,,,,,$6844.00
729,Orel McAughtrie,38,7691.52,7,729,,,,,$7691.52
730,Gaile Cratchley,19,976.74,4,730,,,,,$976.74
731,Ethyl Stayt,64,6772.92,1,731,,,,,$6772.92
732,Galen Danielczyk,57,9825.72,1,732,,,,,$9825.72
733,Hagan Lumbers,34,4146.25,7,733,,,,,$4146.25
734,Cleavland Lethbury,30,3296.81,6,734,,,,,$3296.81
735,Artemas Caulder,35,4404.76,6,735,,,,,$4404.76
736,Annis Spoors,51,4794.06,3,736,,,,,$4794.06
737,Artemis Bondy,56,4406.15,6,737,,,,,$4406.15
738,Dinah Baughen,57,5755.16,6,738,,,,,$5755.16
739,Zea Napoli,31,9368.60,7,739,,,,,$9368.60
740,Kevina Lott,34,2348.10,10,740,,,,,$2348.10
741,Evangelia Enright,32,1017.29,5,741,,,,,$1017.29
742,Wren Suttie,44,8926.23,1,742,,,,,$8926.23
743,Cybill Knobell,24,6660.92,2,743,,,,,$6660.92
744,Halette Duham,65,5240.36,5,744,,,,,$5240.36
745,Erik Port,53,9754.43,5,745,,,,,$9754.43
746,Coretta Pandey,59,9143.26,5,746,,,,,$9143.26
747,Easter Starzaker,49,7906.27,2,747,,,,,$7906.27
748,Calhoun Webborn,36,9304.76,1,748,,,,,$9304.76
749,Alvy Itzkovici,43,4330.50,7,749,,,,,$4330.50
750,Lettie Bargery,62,5825.75,9,750,,,,,$5825.75
751,Reynold Skill,48,3153.56,2,751,,,,,$3153.56
752,Mallory Farnon,39,6143.96,2,752,,,,,$6143.96
753,Caleb Couldwell,65,4682.72,3,753,,,,,$4682.72
754,Stacy Dufaur,56,6304.99,2,754,,,,,$6304.99
755,Coletta Yarr,51,652.97,5,755,,,,,$652.97
756,Wilhelmina Silverstone,25,1005.37,4,756,,,,,$1005.37
757,Rebeca Darrigrand,25,3172.74,9,757,,,,,$3172.74
758,Teodora Gresty,40,1721.18,6,758,,,,,$1721.18
759,Timmie Hulland,18,6031.35,8,759,,,,,$6031.35
760,Alyss Shird,52,1912.26,1,760,,,,,$1912.26
761,Teirtza Roskelley,57,5851.43,2,761,,,,,$5851.43
762,Fairleigh Yegorshin,55,2919.21,6,762,,,,,$2919.21
763,Pincus Degoey,55,2400.53,4,763,,,,,$2400.53
764,Worthy Waterman,63,2623.69,4,764,,,,,$2623.69
765,Tana Fines,54,6396.27,7,765,,,,,$6396.27
766,Larissa McGurgan,60,3817.35,8,766,,,,,$3817.35
767,Zabrina Dicte,24,5116.00,1,767,,,,,$5116.00
768,Arliene McJerrow,21,3068.55,10,768,,,,,$3068.55
769,Ulrick Mariet,48,4136.09,2,769,,,,,$4136.09
770,Rockie Blundan,20,7916.13,4,770,,,,,$7916.13
771,Mason Oswald,30,1078.33,6,771,,,,,$1078.33
772,Cobb Bottelstone,37,2617.61,10,772,,,,,$2617.61
773,Drona Grenkov,39,7231.67,1,773,,,,,$7231.67
774,Jannel Goude,18,4016.94,10,774,,,,,$4016.94
775,Rufus Pochin,38,8478.80,3,775,,,,,$8478.80
776,Elisha Restill,36,8371.52,3,776,,,,,$8371.52
777,Adriana Cundey,37,7385.69,1,777,,,,,$7385.69
778,Jessey Fieldhouse,27,5424.97,1,778,,,,,$5424.97
779,Hakim Taye,46,9779.45,4,779,,,,,$9779.45
780,Siobhan Simenet,43,4277.12,7,780,,,,,$4277.12
781,Jenine Ibberson,61,9500.63,3,781,,,,,$9500.63
782,Jaquith Godney,38,8638.44,1,782,,,,,$8638.44
783,Buddy Falkous,30,6016.67,4,783,,,,,$6016.67
784,Grover McGonnell,52,5967.33,8,784,,,,,$5967.33
785,Iain Knight,52,7256.82,1,785,,,,,$7256.82
786,Eadith Leele,52,6919.96,3,786,,,,,$6919.96
787,Hedi Deave,46,5144.54,2,787,,,,,$5144.54
788,Korrie Indge,33,705.12,4,788,,,,,$705.12
789,Jamison Stearn,63,9939.86,6,789,,,,,$9939.86
790,Erhard Oxteby,29,3835.76,9,790,,,,,$3835.76
791,Kimberlee Ucchino,43,2144.65,6,791,,,,,$2144.65
792,Kati Baumann,41,3134.45,5,792,,,,,$3134.45
793,Allison Gianinotti,52,6504.29,8,793,,,,,$6504.29
794,Bertha Runsey,31,3177.04,9,794,,,,,$3177.04
795,Maudie Seakes,41,1711.67,2,795,,,,,$1711.67
796,Gusty Harkes,59,9586.60,10,796,,,,,$9586.60
797,Gypsy Thinn,21,7950.39,10,797,,,,,$7950.39
798,Alvera Keveren,35,4636.72,2,798,,,,,$4636.72
799,Tracie Girodin,40,2615.41,10,799,,,,,$2615.41
800,Myer Laskey,43,5594.64,7,800,,,,,$5594.64
801,Nelson Willisch,52,5242.10,10,801,,,,,$5242.10
802,Konstance Rubinowitch,42,1552.65,4,802,,,,,$1552.65
803,Robinett Doldon,33,3753.55,6,803,,,,,$3753.55
804,Tannie O'Connolly,44,3851.82,10,804,,,,,$3851.82
805,Nevin Galey,39,9315.36,9,805,,,,,$9315.36
806,Peggi Emett,50,4286.06,1,806,,,,,$4286.06
807,Miltie Thorndale,41,1413.36,4,807,,,,,$1413.36
808,Wye Ainsworth,34,8433.58,9,808,,,,,$8433.58
809,Jodee Bolan,22,1808.70,7,809,,,,,$1808.70
810,Conrade Solomonides,46,7700.17,9,810,,,,,$7700.17
811,Aguistin Alenichicov,36,798.18,2,811,,,,,$798.18
812,Edy Boult,22,6659.60,8,812,,,,,$6659.60
813,Katrine Degoix,39,5958.14,4,813,,,,,$5958.14
814,Cornie Bootes,28,1856.19,10,814,,,,,$1856.19
815,Fonsie Rakes,32,1295.34,7,815,,,,,$1295.34
816,Consalve Musprat,22,5591.55,5,816,,,,,$5591.55
817,Leopold Beaudry,53,2858.17,4,817,,,,,$2858.17
818,Marya Shotbolt,56,6380.95,10,818,,,,,$6380.95
819,Nels Feveryear,27,4788.99,5,819,,,,,$4788.99
820,Cleavland Gater,60,3988.70,4,820,,,,,$3988.70
821,Hewe Hundell,37,519.84,2,821,,,,,$519.84
822,George Chinn,28,7849.37,6,822,,,,,$7849.37
823,Simona Yule,18,1891.75,7,823,,,,,$1891.75
824,Lucila Nealon,54,5661.83,4,824,,,,,$5661.83
825,Chaunce Cordet,41,1960.98,9,825,,,,,$1960.98
826,Ruperto Triggol,21,9781.68,3,826,,,,,$9781.68
827,Parke Matous,18,8967.26,8,827,,,,,$8967.26
828,Melly Trineman,63,4261.95,5,828,,,,,$4261.95
829,Meara Tregaskis,55,1265.44,4,829,,,,,$1265.44
830,Halsey Le Houx,64,4197.66,1,830,,,,,$4197.66
831,Thornie Seers,57,5098.75,4,831,,,,,$5098.75
832,Krissie Annett,58,9171.05,5,832,,,,,$9171.05
833,Orv Bunning,35,7307.86,4,833,,,,,$7307.86
834,Tybie Crutchley,36,1148.13,8,834,,,,,$1148.13
835,Maiga Sapson,39,5080.81,6,835,,,,,$5080.81
836,Lauren Fingleton,27,596.26,10,836,,,,,$596.26
837,Sherri Nethercott,59,9483.92,2,837,,,,,$9483.92
838,Leonardo Wittke,26,3702.28,2,838,,,,,$3702.28
839,Giffy Nicklen,20,2475.40,10,839,,,,,$2475.40
840,Delmore Sarl,61,4448.14,9,840,,,,,$4448.14
841,Judd Putland,45,3003.61,4,841,,,,,$3003.61
842,Konstantine Thornhill,65,5765.16,8,842,,,,,$5765.16
843,Loralee Selbach,64,6958.62,4,843,,,,,$6958.62
844,Filberto Lowne,58,3502.82,9,844,,,,,$3502.82
845,Dorene Duester,20,4928.56,3,845,,,,,$4928.56
846,Annamarie Suggate,56,8313.40,5,846,,,,,$8313.40
847,Madelle Simister,18,1164.08,8,847,,,,,$1164.08
848,Bald Dugan,22,9369.25,4,848,,,,,$9369.25
849,Deanne Stangoe,21,3345.10,9,849,,,,,$3345.10
850,Taddeo Reneke,45,3540.00,1,850,,,,,$3540.00
851,Abbe Audrey,53,5705.31,2,851,,,,,$5705.31
852,Normie Di Biasi,48,933.87,2,852,,,,,$933.87
853,Shermy Heineke,22,4412.98,6,853,,,,,$4412.98
854,Calv Chesman,24,7357.01,5,854,,,,,$7357.01
855,Shell Adne,39,3345.61,9,855,,,,,$3345.61
856,Renaud Russ,45,3865.49,5,856,,,,,$3865.49
857,Xaviera Coverlyn,40,5931.56,1,857,,,,,$5931.56
858,Ariana Clowley,30,7133.60,6,858,,,,,$7133.60
859,Gnni Loxston,54,2163.03,6,859,,,,,$2163.03
860,Stormie De Witt,50,4891.14,5,860,,,,,$4891.14
861,Lee Tellenbrook,59,2418.23,6,861,,,,,$2418.23
862,Mattias Brosius,61,8129.18,8,862,,,,,$8129.18
863,Gerik Yantsurev,41,1342.35,7,863,,,,,$1342.35
864,Lonee Stiffkins,32,1101.82,10,864,,,,,$1101.82
865,Gib Cottrell,49,3645.40,9,865,,,,,$3645.40
866,Jeralee Broughton,54,7598.63,10,866,,,,,$7598.63
867,Ophelia Trousdale,31,1142.57,5,867,,,,,$1142.57
868,Hamel Wynne,46,1561.81,3,868,,,,,$1561.81
869,Nicolais Goodbar,46,5059.57,8,869,,,,,$5059.57
870,Tamas Tuerena,19,7131.16,4,870,,,,,$7131.16
871,Sebastien Cleynaert,39,7101.35,3,871,,,,,$7101.35
872,Barry McClaurie,62,6398.27,2,872,,,,,$6398.27
873,Carlie Prescote,65,2667.60,4,873,,,,,$2667.60
874,Eziechiele Prendergast,40,1264.80,8,874,,,,,$1264.80
875,Michelina D'Elia,45,8670.29,8,875,,,,,$8670.29
876,Maryanna North,36,4785.80,6,876,,,,,$4785.80
877,Elladine Smidmore,50,4901.48,10,877,,,,,$4901.48
878,Raviv Hotton,28,5803.55,6,878,,,,,$5803.55
879,Eugenia Hartshorne,34,6239.85,1,879,,,,,$6239.85
880,Debbie Elsy,62,5556.80,8,880,,,,,$5556.80
881,Danni Marages,62,3814.33,7,881,,,,,$3814.33
882,Tab Hartness,38,1611.74,9,882,,,,,$1611.74
883,Vasily Dreghorn,45,7203.81,8,883,,,,,$7203.81
884,Lelah Mounsey,30,4013.48,9,884,,,,,$4013.48
885,Pace Spering,45,7843.86,3,885,,,,,$7843.86
886,Ingaborg Josse,39,6325.89,6,886,,,,,$6325.89
887,Wilhelmina Rumsey,35,7915.29,5,887,,,,,$7915.29
888,Darcy Sharrier,33,572.39,5,888,,,,,$572.39
889,Danielle Gyurkovics,20,4698.32,7,889,,,,,$4698.32
890,Hilary Errey,18,8583.47,10,890,,,,,$8583.47
891,Carmencita Watling,21,9879.19,3,891,,,,,$9879.19
892,Nixie Venditti,57,8165.27,9,892,,,,,$8165.27
893,Elvira Erington,36,2296.25,10,893,,,,,$2296.25
894,Annora Tuxill,48,4632.05,6,894,,,,,$4632.05
895,Bernetta Goodlett,41,8552.88,10,895,,,,,$8552.88
896,Davis Langthorne,31,4236.74,4,896,,,,,$4236.74
897,Fan Geere,47,2293.77,5,897,,,,,$2293.77
898,Gussie Bouette,32,5361.66,4,898,,,,,$5361.66
899,Jacquenetta Philpotts,40,7756.48,4,899,,,,,$7756.48
900,Ruben Permain,27,2200.09,9,900,,,,,$2200.09
901,Bendicty MacAscaidh,24,3045.12,2,901,,,,,$3045.12
902,Fay Flintiff,20,2592.46,9,902,,,,,$2592.46
903,Danny Crush,55,6612.02,4,903,,,,,$6612.02
904,Brenna Navarre,30,5380.76,3,904,,,,,$5380.76
905,Shermie Tiffin,64,8363.04,10,905,,,,,$8363.04
906,Linnea Bagnold,33,8419.08,1,906,,,,,$8419.08
907,Anatol Jurczyk,64,4395.07,4,907,,,,,$4395.07
908,Loleta McMurray,35,6443.50,10,908,,,,,$6443.50
909,Dwain Itzak,22,8592.51,4,909,,,,,$8592.51
910,Efrem Reedy,23,6820.87,9,910,,,,,$6820.87
911,Clay Stoute,20,4115.50,8,911,,,,,$4115.50
912,Iosep Rominov,47,6921.72,8,912,,,,,$6921.72
913,Wallis Palffrey,54,2014.43,6,913,,,,,$2014.43
914,Gale Bonnor,53,1021.81,9,914,,,,,$1021.81
915,Kip Botley,41,6466.38,2,915,,,,,$6466.38
916,Paquito Constantine,29,949.60,6,916,,,,,$949.60
917,Nana Austin,59,2293.64,6,917,,,,,$2293.64
918,Hobey Disbrey,47,2446.04,2,918,,,,,$2446.04
919,Blakeley Fooks,25,5879.35,10,919,,,,,$5879.35
920,Dode Haibel,36,4346.96,1,920,,,,,$4346.96
921,Boone Cone,21,731.21,4,921,,,,,$731.21
922,Lyndy Douglass,48,2294.57,2,922,,,,,$2294.57
923,Catha Nolton,41,4832.14,6,923,,,,,$4832.14
924,Sheppard Pessold,34,2223.03,2,924,,,,,$2223.03
925,Heinrik Graber,48,5746.04,4,925,,,,,$5746.04
926,Erinna Enticott,54,2229.33,4,926,,,,,$2229.33
927,Lennard Skryne,58,8673.18,7,927,,,,,$8673.18
928,Sadye Bullick,39,6047.87,6,928,,,,,$6047.87
929,Dixie Rodell,20,7183.28,6,929,,,,,$7183.28
930,Paddie Velareal,29,2027.83,7,930,,,,,$2027.83
931,Phaidra Voules,62,7096.69,4,931,,,,,$7096.69
932,Taddeo Batie,33,6846.63,4,932,,,,,$6846.63
933,Otha Gillingwater,40,4593.14,5,933,,,,,$4593.14
934,Remus Haseman,38,8673.80,2,934,,,,,$8673.80
935,Katine Jakubczyk,28,7830.81,8,935,,,,,$7830.81
936,Derrek Tanner,31,2702.94,3,936,,,,,$2702.94
937,Todd Fraulo,32,6554.32,7,937,,,,,$6554.32
938,Selie Vowels,41,8509.06,4,938,,,,,$8509.06
939,Kerwin Preble,37,4289.34,5,939,,,,,$4289.34
940,Cosme De Biasi,60,8693.23,2,940,,,,,$8693.23
941,Jilli Landre,19,5870.71,4,941,,,,,$5870.71
942,Pansie Di Giacomettino,37,3730.31,2,942,,,,,$3730.31
943,Aileen Selkirk,44,8978.63,6,943,,,,,$8978.63
944,Carmelita Huchot,59,3739.66,6,944,,,,,$3739.66
945,Sapphira Nyland,20,6064.77,9,945,,,,,$6064.77
946,Isaac Nutbeam,61,1137.46,7,946,,,,,$1137.46
947,Conchita Fairbairn,38,7312.42,7,947,,,,,$7312.42
948,Persis Bairstow,47,1881.71,7,948,,,,,$1881.71
949,Dione Leahey,56,9429.10,10,949,,,,,$9429.10
950,Vasili Spreag,50,1971.84,2,950,,,,,$1971.84
951,Erma Barth,58,7105.96,5,951,,,,,$7105.96
952,Gavra Bracey,45,8778.34,10,952,,,,,$8778.34
953,Janelle Arndtsen,63,6552.69,4,953,,,,,$6552.69
954,Earl Bean,21,9264.56,9,954,,,,,$9264.56
955,Dawn Gypson,56,2841.10,8,955,,,,,$2841.10
956,Cissy Garralts,43,7269.16,8,956,,,,,$7269.16
957,Alvera Pillman,18,4773.18,3,957,,,,,$4773.18
958,Carmella Saile,45,3385.23,9,958,,,,,$3385.23
959,Aharon Norquay,36,8884.50,2,959,,,,,$8884.50
960,Lovell Idwal Evans,23,8364.29,2,960,,,,,$8364.29
961,Bertie Kryzhov,37,2585.32,6,961,,,,,$2585.32
962,Edythe Thebe,54,5581.21,8,962,,,,,$5581.21
963,Renaud Tinman,31,3984.28,2,963,,,,,$3984.28
964,Teena Gavriel,36,3028.94,9,964,,,,,$3028.94
965,Lalo Valenta,41,3418.91,7,965,,,,,$3418.91
966,Bryant Dufton,47,5555.36,5,966,,,,,$5555.36
967,Zita Wadesworth,61,2349.53,6,967,,,,,$2349.53
968,Beulah Grinsdale,18,4581.71,5,968,,,,,$4581.71
969,Gigi Karolovsky,43,7532.20,8,969,,,,,$7532.20
970,Anita Jonk,33,6972.91,8,970,,,,,$6972.91
971,Vittorio MacKniely,19,1181.45,9,971,,,,,$1181.45
972,Francine Duchenne,54,3203.11,5,972,,,,,$3203.11
973,Sibel Broggelli,51,5653.59,10,973,,,,,$5653.59
974,Dewie Brimmicombe,47,6018.17,2,974,,,,,$6018.17
975,Jasmin Accum,18,5639.91,3,975,,,,,$5639.91
976,Fabe De Blasiis,64,9433.11,7,976,,,,,$9433.11
977,Lynn Lemon,49,1489.44,2,977,,,,,$1489.44
978,Jorey Dureden,58,807.47,6,978,,,,,$807.47
979,Tommy Londsdale,50,6673.35,3,979,,,,,$6673.35
980,Bond Riggulsford,50,6880.33,5,980,,,,,$6880.33
981,Falito Lincoln,24,6283.20,6,981,,,,,$6283.20
982,Sayer Hairs,49,4347.72,10,982,,,,,$4347.72
983,Land Litchfield,53,1149.34,10,983,,,,,$1149.34
984,Der Broy,55,8081.96,4,984,,,,,$8081.96
985,Marjie Thorneywork,28,8875.48,8,985,,,,,$8875.48
986,Meridel Jessope,25,6326.33,5,986,,,,,$6326.33
987,Kendrick Geale,39,4514.27,6,987,,,,,$4514.27
988,Chrisy Folonin,61,5805.58,4,988,,,,,$5805.58
989,Babbie Simmans,52,9078.19,4,989,,,,,$9078.19
990,Florry Conrart,55,8732.45,8,990,,,,,$8732.45
991,Lesley Meedendorpe,28,3195.24,10,991,,,,,$3195.24
992,Jay Hourican,41,1556.23,5,992,,,,,$1556.23
993,Ian Bricksey,63,7691.64,8,993,,,,,$7691.64
994,Oberon Snaith,36,2753.22,5,994,,,,,$2753.22
995,Viviyan Redborn,49,4965.16,8,995,,,,,$4965.16
996,Andris Wilds,60,1245.89,5,996,,,,,$1245.89
997,Sapphire Mayze,41,9081.67,3,997,,,,,$9081.67
998,Valerie Starmore,29,8964.87,8,998,,,,,$8964.87
999,Farrah Shergill,60,552.14,1,999,,,,,$552.14
1000,Imogene Godden,38,6274.44,6,1000,,,,,$6274.44
